{
  "Settings": {
    "Name": "Protarchikos Mod",
    "Version": "0.1",
    "Author": "Defi",
    "Description": "Protarchikos Mod - Полностью перерабатывает ванильный генератор мира: новые поверхности, новые пещеры и новые объекты/предметы.",
    "Icon": "add'\n ■█■'#02140a:0x-2*0;add'\n  χ'#5e3d26:0x-2*0;add'\n ¾ ¾'#055014:0x-2*0;add'\n ¼¼,'#077814:0x-8*0;add'\n  ½ '#0d9814:0x-14*0;add' ■ '#969696:0x30.0*0;add' ▼ '#323232:9x39*0;add'●'#787878:13x30*0;add'●'#646464:16x34*0;add'●'#646464:23x28*0;add'●'#646464:22x32*0;add','#96960f:18x32*0;add'|'#000096:12x35*0;add'∙'#000096:12x28*0;"
  }
}