{
  "Settings": {
    "Name": "Cat",
    "Version": "Cat",
    "Author": "Defi Cat",
    "Description": "Meow, Meow, Meow, Meow, Meow, Meow, Meow, Meow, Meow, Meow, Meow, Meow, Meow, Meow, Meow, Meow, Meow, Meow, Meow, Meow, Meow, Meow, Meow, Meow, Meow, Meow, Meow, Meow, Meow, Meow, Meow, Meow, Meow, Meow, Meow, Meow, Meow, Meow, Meow, Meow, Meow, Meow, Meow, Meow, Meow, Meow, Meow, Meow, Meow, Meow, Meow, Meow, Meow, Meow, Meow, Meow, Meow, Meow, Meow, Meow, Meow, Meow, Meow, Meow, Meow, Meow, Meow, Meow, Meow, Meow, Meow, Meow, Meow, Meow, Meow, Meow, Meow, Meow, Meow, Meow, Meow, Meow, Meow, Meow, Meow, Meow, Meow, Meow, Meow, Meow, Meow, Meow, Meow, Meow, Meow, Meow, Meow, Meow, Meow, Meow.",
    "Icon": "add'ccccc\nccccc\nccccc\n'#ffffff:0.0x0.0*0;"
  }
}